{
  "timestamp": 1747115190.60941,
  "bids": [
    0.12607789039611816
  ],
  "asks": [
    0.12607789039611816,
    0.12607789039611816
  ]
}